id,title,description,availability,condition,price,link,image_link,additional_image_link,brand,google_product_category,product_type,item_group_id,color,material,custom_label_0,custom_label_1,inventory
"moon-rectangle-black-green","Blackout Rectangle — Black Green","Blackout: a chunky, squared-off TR90 frame with real presence, light enough to wear all night. Mint-green lens, the quiet flex. Black frame, green polycarbonate lens. Unisex, full rim. Size: 48 mm lens, 23 mm bridge, 143 mm temple.","in stock","new","1499 INR","https://www.moon-glasses.store/chapter/moon-rectangle-black-green","https://fewnyteoprmuyzfvopnb.supabase.co/storage/v1/object/public/ad-creatives/model-photos/e922b418-0641-49d9-a9de-43e25beddba2.png","https://fewnyteoprmuyzfvopnb.supabase.co/storage/v1/object/public/product-images/moon-rectangle-black-green/framed-ad2f7132df.png","Moonglasses","Apparel & Accessories > Clothing Accessories > Sunglasses","Sunglasses > Collection","Blackout Rectangle","Black Green","Acetate","Blackout","Collection","50"
"moon-rectangle-black-purple","Blackout Rectangle — Black Purple","Blackout: a chunky, squared-off TR90 frame with real presence, light enough to wear all night. Soft violet lens that turns every light show purple. Black frame, purple polycarbonate lens. Unisex, full rim. Size: 48 mm lens, 23 mm bridge, 143 mm temple.","in stock","new","1999 INR","https://www.moon-glasses.store/chapter/moon-rectangle-black-purple","https://fewnyteoprmuyzfvopnb.supabase.co/storage/v1/object/public/ad-creatives/model-photos/e605c46a-976b-423d-864f-45e0fa03f67d.png","https://www.moon-glasses.store/images/chapters/moon-rectangle-black-purple/angle_no_bg.png","Moonglasses","Apparel & Accessories > Clothing Accessories > Sunglasses","Sunglasses > Collection","Blackout Rectangle","Black Purple","Acetate","Blackout","Collection","50"
"moon-oval-gold-blue-graded","Disco Oval — Gold Blue Graded","Disco: an oval metal frame studded with a crystal-like trim, pure party jewellery for your face. Gold frame, blue lens fading to clear. Metal, polycarbonate lens. Full rim. Size: 57 mm lens, 14 mm bridge, 142 mm temple.","in stock","new","1999 INR","https://www.moon-glasses.store/chapter/moon-oval-gold-blue-graded","https://fewnyteoprmuyzfvopnb.supabase.co/storage/v1/object/public/product-images/moon-oval-gold-blue-graded/model-zoomed.jpg?v=1","https://fewnyteoprmuyzfvopnb.supabase.co/storage/v1/object/public/product-images/moon-oval-gold-blue-graded/front_no_bg.png","Moonglasses","Apparel & Accessories > Clothing Accessories > Sunglasses","Sunglasses > Collection","Disco Oval","Gold Blue Graded","Metal","Disco","Collection","50"
"moon-synth-silver-grey","Disco Oval — Silver Grey","Disco: an oval metal frame studded with a crystal-like trim, pure party jewellery for your face. Silver frame, grey lens. Metal, polycarbonate lens. Full rim. Size: 57 mm lens, 14 mm bridge, 142 mm temple.","in stock","new","1999 INR","https://www.moon-glasses.store/chapter/moon-synth-silver-grey","https://fewnyteoprmuyzfvopnb.supabase.co/storage/v1/object/public/product-images/moon-synth-silver-grey/model-zoomed.jpg?v=1","https://fewnyteoprmuyzfvopnb.supabase.co/storage/v1/object/public/product-images/moon-synth-silver-grey/front_no_bg.png","Moonglasses","Apparel & Accessories > Clothing Accessories > Sunglasses","Sunglasses > Collection","Disco Oval","Silver Grey","Metal","Disco","Collection","50"
"moon-oval-gold-purple","Echo Oval — Gold Purple","Echo: a thin-wire metal oval, minimal and light. Gold frame, soft lavender tint. Metal, polycarbonate lens. Unisex, full rim. Size: 50 mm lens, 20 mm bridge, 140 mm temple.","out of stock","new","1999 INR","https://www.moon-glasses.store/chapter/moon-oval-gold-purple","https://fewnyteoprmuyzfvopnb.supabase.co/storage/v1/object/public/ad-creatives/model-photos/0e08ab96-9738-4274-b890-b97dc484bb54.png","https://fewnyteoprmuyzfvopnb.supabase.co/storage/v1/object/public/product-images/moon-oval-gold-purple/front_no_bg.png","Moonglasses","Apparel & Accessories > Clothing Accessories > Sunglasses","Sunglasses > Collection","Echo Oval","Gold Purple","Metal","Echo","Collection","0"
"moon-blunt-silver-blue","Echo Oval — Silver Blue","Echo: a thin-wire metal oval, minimal and light. Silver frame, pale ice-blue tint. Metal, polycarbonate lens. Unisex, full rim. Size: 50 mm lens, 20 mm bridge, 140 mm temple.","out of stock","new","1999 INR","https://www.moon-glasses.store/chapter/moon-blunt-silver-blue","https://fewnyteoprmuyzfvopnb.supabase.co/storage/v1/object/public/ad-creatives/model-photos/0f3902db-7938-4e96-9d1d-ac9c7107657c.png","https://fewnyteoprmuyzfvopnb.supabase.co/storage/v1/object/public/product-images/moon-blunt-silver-blue/front_no_bg.png","Moonglasses","Apparel & Accessories > Clothing Accessories > Sunglasses","Sunglasses > Collection","Echo Oval","Silver Blue","Metal","Echo","Collection","0"
"moon-wayfarer-blue-with-candy-blue","Encore Wayfarer — Blue Candy Blue","Encore: a clean, squared wayfarer in translucent blue acetate. Candy-blue lens, all colour, no apologies. Acetate, unisex, full rim.","in stock","new","1499 INR","https://www.moon-glasses.store/chapter/moon-wayfarer-blue-with-candy-blue","https://fewnyteoprmuyzfvopnb.supabase.co/storage/v1/object/public/ad-creatives/model-photos/bea74304-9e5a-421b-9e47-4ba18d9d3552.png","https://fewnyteoprmuyzfvopnb.supabase.co/storage/v1/object/public/product-images/moon-wayfarer-blue-with-candy-blue/framed-8ad9bdda1e.png","Moonglasses","Apparel & Accessories > Clothing Accessories > Sunglasses","Sunglasses > Collection","Encore Wayfarer","Blue Candy Blue","Acetate","Encore","Collection","50"
"moon-wayfarer-blue-with-grey-graded","Encore Wayfarer — Blue Grey Graded","Encore: a clean, squared wayfarer in translucent teal-blue acetate with a grey lens that fades to clear. Acetate, unisex, full rim.","in stock","new","1499 INR","https://www.moon-glasses.store/chapter/moon-wayfarer-blue-with-grey-graded","https://fewnyteoprmuyzfvopnb.supabase.co/storage/v1/object/public/ad-creatives/model-photos/649ebf37-8dc0-490e-860a-56cb81b27785.png","https://fewnyteoprmuyzfvopnb.supabase.co/storage/v1/object/public/product-images/moon-wayfarer-blue-with-grey-graded/framed-59b4017d96.png","Moonglasses","Apparel & Accessories > Clothing Accessories > Sunglasses","Sunglasses > Collection","Encore Wayfarer","Blue Grey Graded","Acetate","Encore","Collection","50"
"moon-wayfarer-brown-with-brown","Encore Wayfarer — Brown","Encore: a clean, squared wayfarer in translucent champagne acetate with a warm brown gradient. The everyday pair. Acetate, unisex, full rim.","in stock","new","1499 INR","https://www.moon-glasses.store/chapter/moon-wayfarer-brown-with-brown","https://fewnyteoprmuyzfvopnb.supabase.co/storage/v1/object/public/ad-creatives/model-photos/8df43585-7408-402f-a24a-67d54846d183.png","https://fewnyteoprmuyzfvopnb.supabase.co/storage/v1/object/public/product-images/moon-wayfarer-brown-with-brown/framed-e12177a1bc.png","Moonglasses","Apparel & Accessories > Clothing Accessories > Sunglasses","Sunglasses > Collection","Encore Wayfarer","Brown","Acetate","Encore","Collection","50"
"moon-ryder-black-brown","Glitch Oval — Black Brown","Glitch: a narrow, sleek oval in metal, the Matrix-era slim frame. Black with a smoky brown tint. Metal, brown polycarbonate lens. Full rim. Size: 53 mm lens, 20 mm bridge, 142 mm temple.","in stock","new","1999 INR","https://www.moon-glasses.store/chapter/moon-ryder-black-brown","https://fewnyteoprmuyzfvopnb.supabase.co/storage/v1/object/public/product-images/moon-ryder-black-brown/model-zoomed.jpg?v=1","https://fewnyteoprmuyzfvopnb.supabase.co/storage/v1/object/public/product-images/moon-ryder-black-brown/front_no_bg.png","Moonglasses","Apparel & Accessories > Clothing Accessories > Sunglasses","Sunglasses > Collection","Glitch Oval","Black Brown","Metal","Glitch","Collection","49"
"moon-ryder-black-orange","Glitch Oval — Black Orange","Glitch: a narrow, sleek oval in metal, the Matrix-era slim frame. Black with a tangerine lens that lights up any room. Metal, orange polycarbonate lens. Full rim. Size: 53 mm lens, 20 mm bridge, 142 mm temple.","in stock","new","1999 INR","https://www.moon-glasses.store/chapter/moon-ryder-black-orange","https://fewnyteoprmuyzfvopnb.supabase.co/storage/v1/object/public/product-images/moon-ryder-black-orange/model-zoomed.jpg?v=1","https://fewnyteoprmuyzfvopnb.supabase.co/storage/v1/object/public/product-images/moon-ryder-black-orange/front_no_bg.png","Moonglasses","Apparel & Accessories > Clothing Accessories > Sunglasses","Sunglasses > Collection","Glitch Oval","Black Orange","Metal","Glitch","Collection","50"
"moon-ryder-silver-blue","Glitch Oval — Silver Blue","Glitch: a narrow, sleek oval with a wide champagne-silver rim and a pale ice-blue lens. Metal, polycarbonate lens. Full rim. Size: 53 mm lens, 20 mm bridge, 142 mm temple.","out of stock","new","1999 INR","https://www.moon-glasses.store/chapter/moon-ryder-silver-blue","https://fewnyteoprmuyzfvopnb.supabase.co/storage/v1/object/public/ad-creatives/model-photos/2f192f6a-814b-4511-a981-5664ee9f9845.png","https://fewnyteoprmuyzfvopnb.supabase.co/storage/v1/object/public/product-images/moon-ryder-silver-blue/front_no_bg.png","Moonglasses","Apparel & Accessories > Clothing Accessories > Sunglasses","Sunglasses > Collection","Glitch Oval","Silver Blue","Metal","Glitch","Collection","0"
"moon-round-black-light-brown","Halo Round — Black Light Brown","Halo: a perfect round in lightweight TR90, the easy classic that goes with everything. Light brown tint, warm and see-through. Black frame, polycarbonate lens. Unisex, full rim. Size: 48 mm lens, 23 mm bridge, 150 mm temple.","in stock","new","1499 INR","https://www.moon-glasses.store/chapter/moon-round-black-light-brown","https://fewnyteoprmuyzfvopnb.supabase.co/storage/v1/object/public/ad-creatives/model-photos/03149f4b-a5e0-4220-b029-627fb27b361b.png","https://www.moon-glasses.store/images/chapters/moon-round-black-light-brown/angle_no_bg.png","Moonglasses","Apparel & Accessories > Clothing Accessories > Sunglasses","Sunglasses > Collection","Halo Round","Black Light Brown","Acetate","Halo","Collection","50"
"moon-round-demi-brown-blue-graded","Halo Round — Demi-brown Blue Graded","Halo: a perfect round in lightweight TR90. Tortoise frame with a blue lens that fades to clear, so it works from sunset to the dance floor. Demi-brown frame, blue graded polycarbonate lens. Unisex, full rim. Size: 48 mm lens, 23 mm bridge, 151 mm temple.","in stock","new","1499 INR","https://www.moon-glasses.store/chapter/moon-round-demi-brown-blue-graded","https://fewnyteoprmuyzfvopnb.supabase.co/storage/v1/object/public/ad-creatives/model-photos/a260d20c-f852-40ed-9a1a-2209f8c39a30.png","https://www.moon-glasses.store/images/chapters/moon-round-demi-brown-blue-graded/angle_no_bg.png","Moonglasses","Apparel & Accessories > Clothing Accessories > Sunglasses","Sunglasses > Collection","Halo Round","Demi-brown Blue Graded","Acetate","Halo","Collection","50"
"moon-round-brown-brown","Luna Round — Brown","Luna: a soft, chunky round with rivet details, the friendliest shape in the line-up. Nude-peach frame with a warm brown tint. TR90, unisex, full rim.","in stock","new","1499 INR","https://www.moon-glasses.store/chapter/moon-round-brown-brown","https://fewnyteoprmuyzfvopnb.supabase.co/storage/v1/object/public/product-images/moon-round-brown-brown/model-zoomed.jpg?v=1","https://fewnyteoprmuyzfvopnb.supabase.co/storage/v1/object/public/product-images/moon-round-brown-brown/framed-fafb1973bc.png","Moonglasses","Apparel & Accessories > Clothing Accessories > Sunglasses","Sunglasses > Collection","Luna Round","Brown","Acetate","Luna","Collection","50"
"moon-round-grey-purple","Luna Round — Grey Purple","Luna: a soft, chunky round with rivet details, the friendliest shape in the line-up. Grey frame, purple tint for a dreamy after-dark look. TR90, unisex, full rim.","in stock","new","1499 INR","https://www.moon-glasses.store/chapter/moon-round-grey-purple","https://fewnyteoprmuyzfvopnb.supabase.co/storage/v1/object/public/ad-creatives/model-photos/6ca2e0d8-2452-4b49-929b-bfb3c57cda82.png","https://fewnyteoprmuyzfvopnb.supabase.co/storage/v1/object/public/product-images/moon-round-grey-purple/framed-dccbc988b7.png","Moonglasses","Apparel & Accessories > Clothing Accessories > Sunglasses","Sunglasses > Collection","Luna Round","Grey Purple","Acetate","Luna","Collection","50"
"moon-aviator-metal-black-yellow","Midnight Aviator — Black Yellow","Midnight: the thin-wire metal aviator, done in night-drive yellow. Brightens everything it looks at. Black frame, yellow polarized lens. Unisex, full rim. Size: 55 mm lens, 19 mm bridge, 145 mm temple.","in stock","new","1999 INR","https://www.moon-glasses.store/chapter/moon-aviator-metal-black-yellow","https://fewnyteoprmuyzfvopnb.supabase.co/storage/v1/object/public/ad-creatives/model-photos/aeb762bb-fca2-4d98-890d-79ff78bb9df1.png","https://www.moon-glasses.store/images/chapters/moon-aviator-metal-black-yellow/angle_no_bg.png","Moonglasses","Apparel & Accessories > Clothing Accessories > Sunglasses","Sunglasses > Collection","Midnight Aviator","Black Yellow","Metal","Midnight","Collection","50"
"moon-aviator-metal-gold-green","Midnight Aviator — Gold Green","Midnight: the thin-wire metal aviator in its most classic form, gold with a green lens. Timeless, polished, never trying too hard. Gold frame, green polarized lens. Unisex, full rim. Size: 55 mm lens, 19 mm bridge, 145 mm temple.","in stock","new","1999 INR","https://www.moon-glasses.store/chapter/moon-aviator-metal-gold-green","https://fewnyteoprmuyzfvopnb.supabase.co/storage/v1/object/public/ad-creatives/model-photos/bb5b2aa6-944f-44e0-88bb-761afe7f4509.png","https://www.moon-glasses.store/images/chapters/moon-aviator-metal-gold-green/angle_no_bg.png","Moonglasses","Apparel & Accessories > Clothing Accessories > Sunglasses","Sunglasses > Collection","Midnight Aviator","Gold Green","Metal","Midnight","Collection","49"
"moon-rectangle-black-yellow","Neon Rectangle — Black Yellow","Neon: a slim 90s rectangle, low-profile and sharp. Yellow lens for that club-light glow. Black frame, yellow polycarbonate lens. Unisex, full rim. Size: 53 mm lens, 21 mm bridge, 143 mm temple.","in stock","new","1499 INR","https://www.moon-glasses.store/chapter/moon-rectangle-black-yellow","https://fewnyteoprmuyzfvopnb.supabase.co/storage/v1/object/public/ad-creatives/model-photos/dcf596e2-379d-466e-82d1-dd0d219520ac.png","https://fewnyteoprmuyzfvopnb.supabase.co/storage/v1/object/public/product-images/moon-rectangle-black-yellow/framed-981eeab9d3.png","Moonglasses","Apparel & Accessories > Clothing Accessories > Sunglasses","Sunglasses > Collection","Neon Rectangle","Black Yellow","Acetate","Neon","Collection","50"
"moon-rectangle-demi-brown-brown","Neon Rectangle — Demi-brown Brown","Neon: a slim 90s rectangle, low-profile and sharp, in tortoise with a honey-brown tint. Demi-brown frame, brown polycarbonate lens. Unisex, full rim. Size: 53 mm lens, 21 mm bridge, 143 mm temple.","in stock","new","1499 INR","https://www.moon-glasses.store/chapter/moon-rectangle-demi-brown-brown","https://fewnyteoprmuyzfvopnb.supabase.co/storage/v1/object/public/product-images/moon-rectangle-demi-brown-brown/model-zoomed.jpg?v=1","https://fewnyteoprmuyzfvopnb.supabase.co/storage/v1/object/public/product-images/moon-rectangle-demi-brown-brown/framed-91aa7dd47d.png","Moonglasses","Apparel & Accessories > Clothing Accessories > Sunglasses","Sunglasses > Collection","Neon Rectangle","Demi-brown Brown","Acetate","Neon","Collection","50"
"moon-aviator-classic-black-yellow","Nightrider Aviator — Black Yellow","Nightrider: a bold plastic aviator with a solid shield-like brow. Yellow lens, maximum attitude. Black frame, yellow polycarbonate lens. Unisex, full rim. Size: 57 mm lens, 19 mm bridge, 150 mm temple.","in stock","new","1499 INR","https://www.moon-glasses.store/chapter/moon-aviator-classic-black-yellow","https://fewnyteoprmuyzfvopnb.supabase.co/storage/v1/object/public/ad-creatives/model-photos/aede8ac4-8093-40b6-853e-8694e83b23e4.png","https://www.moon-glasses.store/images/chapters/moon-aviator-classic-black-yellow/angle_no_bg.png","Moonglasses","Apparel & Accessories > Clothing Accessories > Sunglasses","Sunglasses > Collection","Nightrider Aviator","Black Yellow","Acetate","Nightrider","Collection","50"
"moon-oval-black-blue-yellow","Oval — Black Blue-Yellow","Ryder oval in metal, black frame with a blue-yellow polycarbonate lens. Women's, full rim. Size: 53 mm lens, 20 mm bridge, 142 mm temple.","out of stock","new","1999 INR","https://www.moon-glasses.store/chapter/moon-oval-black-blue-yellow","https://fewnyteoprmuyzfvopnb.supabase.co/storage/v1/object/public/ad-creatives/model-photos/c1daf20b-89a2-40e0-86c6-1cfd681f54b9.png","https://fewnyteoprmuyzfvopnb.supabase.co/storage/v1/object/public/product-images/moon-oval-black-blue-yellow/front_no_bg.png","Moonglasses","Apparel & Accessories > Clothing Accessories > Sunglasses","Sunglasses > Collection","Oval","Black Blue-Yellow","Metal","","Collection","0"
"moon-oval-gold-yellow","Oval — Gold Yellow","Eyez 2.0 oval in metal, gold frame with a yellow polycarbonate lens. Unisex, full rim. Size: 54 mm lens, 19 mm bridge, 140 mm temple.","out of stock","new","1999 INR","https://www.moon-glasses.store/chapter/moon-oval-gold-yellow","https://fewnyteoprmuyzfvopnb.supabase.co/storage/v1/object/public/ad-creatives/model-photos/2afea63b-486a-427a-8f44-8500cb33dec4.png","https://fewnyteoprmuyzfvopnb.supabase.co/storage/v1/object/public/product-images/moon-oval-gold-yellow/front_no_bg.png","Moonglasses","Apparel & Accessories > Clothing Accessories > Sunglasses","Sunglasses > Collection","Oval","Gold Yellow","Metal","","Collection","0"
"moon-octagon-black-blue","Eclipse Octagon — Black Blue","The signature Eclipse octagon: sharp eight-sided lenses under a single straight brow bar, with open space at the nose so it floats on the face. Matte black with an ice-blue tint that glows under stage lights. Metal, polycarbonate lens. Unisex, full rim. Size: 52 mm lens, 20 mm bridge, 140 mm temple.","in stock","new","2499 INR","https://www.moon-glasses.store/chapter/moon-octagon-black-blue","https://fewnyteoprmuyzfvopnb.supabase.co/storage/v1/object/public/product-images/moon-octagon-black-blue/model-zoomed.jpg?v=1","https://www.moon-glasses.store/images/chapters/moon-octagon-black-blue/angle_no_bg.png","Moonglasses","Apparel & Accessories > Clothing Accessories > Sunglasses","Sunglasses > Limited Series","Eclipse Octagon","Black Blue","Metal","Eclipse","Limited Series","50"
"moon-octagon-gold-grey","Eclipse Octagon — Gold Grey","The signature Eclipse octagon: sharp eight-sided lenses under a single straight brow bar, with open space at the nose so it floats on the face. Gold frame, grey lens: the one that dresses up a black tee. Metal, polycarbonate lens. Unisex, full rim. Size: 52 mm lens, 20 mm bridge, 140 mm temple.","in stock","new","2499 INR","https://www.moon-glasses.store/chapter/moon-octagon-gold-grey","https://fewnyteoprmuyzfvopnb.supabase.co/storage/v1/object/public/product-images/moon-octagon-gold-grey/model-zoomed.jpg?v=1","https://www.moon-glasses.store/images/chapters/moon-octagon-gold-grey/angle_no_bg.png","Moonglasses","Apparel & Accessories > Clothing Accessories > Sunglasses","Sunglasses > Limited Series","Eclipse Octagon","Gold Grey","Metal","Eclipse","Limited Series","50"
"moon-octagon-silver-grey","Eclipse Octagon — Silver Grey","The signature Eclipse octagon: sharp eight-sided lenses under a single straight brow bar, with open space at the nose so it floats on the face. Silver and grey for the cleanest, coolest version of the shape. Metal, silver frame, grey polycarbonate lens. Unisex, full rim. Size: 52 mm lens, 20 mm bridge, 140 mm temple.","in stock","new","2499 INR","https://www.moon-glasses.store/chapter/moon-octagon-silver-grey","https://fewnyteoprmuyzfvopnb.supabase.co/storage/v1/object/public/product-images/moon-octagon-silver-grey/model-zoomed.jpg?v=1","https://www.moon-glasses.store/images/chapters/moon-octagon-silver-grey/angle_no_bg.png","Moonglasses","Apparel & Accessories > Clothing Accessories > Sunglasses","Sunglasses > Limited Series","Eclipse Octagon","Silver Grey","Metal","Eclipse","Limited Series","50"
"moon-octagon-silver-light-brown","Eclipse Octagon — Silver Light Brown","The signature Eclipse octagon: sharp eight-sided lenses under a single straight brow bar, with open space at the nose so it floats on the face. A barely-there light brown tint that keeps your eyes in the room. Metal, silver frame, polycarbonate lens. Unisex, full rim. Size: 52 mm lens, 20 mm bridge, 140 mm temple.","in stock","new","2499 INR","https://www.moon-glasses.store/chapter/moon-octagon-silver-light-brown","https://fewnyteoprmuyzfvopnb.supabase.co/storage/v1/object/public/product-images/moon-octagon-silver-light-brown/model-zoomed.jpg?v=1","https://www.moon-glasses.store/images/chapters/moon-octagon-silver-light-brown/angle_no_bg.png","Moonglasses","Apparel & Accessories > Clothing Accessories > Sunglasses","Sunglasses > Limited Series","Eclipse Octagon","Silver Light Brown","Metal","Eclipse","Limited Series","50"
"moon-eyez-black-pink","Siren Oval — Black Pink","Siren: a slim metal oval with a subtle lifted, cat-eye edge. Black wire, candy-pink lens. Metal, polycarbonate lens. Unisex, full rim. Size: 54 mm lens, 19 mm bridge, 140 mm temple.","in stock","new","2499 INR","https://www.moon-glasses.store/chapter/moon-eyez-black-pink","https://fewnyteoprmuyzfvopnb.supabase.co/storage/v1/object/public/product-images/moon-eyez-black-pink/model-zoomed.jpg?v=1","https://fewnyteoprmuyzfvopnb.supabase.co/storage/v1/object/public/product-images/moon-eyez-black-pink/front_no_bg.png","Moonglasses","Apparel & Accessories > Clothing Accessories > Sunglasses","Sunglasses > Limited Series","Siren Oval","Black Pink","Metal","Siren","Limited Series","50"
"moon-eyez-gold-purple","Siren Oval — Gold Purple","Siren: a slim metal oval with a subtle lifted, cat-eye edge. Gold wire with a purple fade. Metal, polycarbonate lens. Unisex, full rim. Size: 54 mm lens, 19 mm bridge, 140 mm temple.","out of stock","new","2499 INR","https://www.moon-glasses.store/chapter/moon-eyez-gold-purple","https://fewnyteoprmuyzfvopnb.supabase.co/storage/v1/object/public/ad-creatives/model-photos/278522fb-b5f7-4295-8f5c-a595153d21c9.png","https://fewnyteoprmuyzfvopnb.supabase.co/storage/v1/object/public/product-images/moon-eyez-gold-purple/front_no_bg.png","Moonglasses","Apparel & Accessories > Clothing Accessories > Sunglasses","Sunglasses > Limited Series","Siren Oval","Gold Purple","Metal","Siren","Limited Series","0"
"moon-lenon-brown-pink-gold","Vinyl Round — Brown Pink Gold","Vinyl: a small round metal frame with vintage soul, straight out of a 70s record sleeve. Brown-pink lens on gold. Metal, unisex, full rim.","in stock","new","2499 INR","https://www.moon-glasses.store/chapter/moon-lenon-brown-pink-gold","https://fewnyteoprmuyzfvopnb.supabase.co/storage/v1/object/public/ad-creatives/model-photos/6e95bf03-c5c2-4179-9d5e-99cd272797ad.png","https://fewnyteoprmuyzfvopnb.supabase.co/storage/v1/object/public/product-images/moon-lenon-brown-pink-gold/framed-6bed3ce823.png","Moonglasses","Apparel & Accessories > Clothing Accessories > Sunglasses","Sunglasses > Limited Series","Vinyl Round","Brown Pink Gold","Metal","Vinyl","Limited Series","49"
"moon-lenon-red-black","Vinyl Round — Red Black","Vinyl: a small round metal frame with vintage soul. Black wire with a red lens, the rock-and-roll version. Metal, unisex, full rim.","in stock","new","2499 INR","https://www.moon-glasses.store/chapter/moon-lenon-red-black","https://fewnyteoprmuyzfvopnb.supabase.co/storage/v1/object/public/ad-creatives/model-photos/fd20d233-7ab1-4a7d-be79-2e7272b5e384.png","https://fewnyteoprmuyzfvopnb.supabase.co/storage/v1/object/public/product-images/moon-lenon-red-black/framed-3505a1b05e.png","Moonglasses","Apparel & Accessories > Clothing Accessories > Sunglasses","Sunglasses > Limited Series","Vinyl Round","Red Black","Metal","Vinyl","Limited Series","50"
"moon-striker-black-orange","Voltage Aviator — Black Orange","Voltage: a geometric metal aviator with flat-cut lenses and a double bar across the top. Sharp, loud and made to be noticed. Black frame, peach-orange tint.","in stock","new","2499 INR","https://www.moon-glasses.store/chapter/moon-striker-black-orange","https://fewnyteoprmuyzfvopnb.supabase.co/storage/v1/object/public/product-images/moon-striker-black-orange/model-zoomed.jpg?v=1","https://fewnyteoprmuyzfvopnb.supabase.co/storage/v1/object/public/product-images/moon-striker-black-orange/front_no_bg.png","Moonglasses","Apparel & Accessories > Clothing Accessories > Sunglasses","Sunglasses > Limited Series","Voltage Aviator","Black Orange","Metal","Voltage","Limited Series","50"
"moon-striker-gold-pink","Voltage Aviator — Gold Pink","Voltage: a geometric metal aviator with flat-cut lenses and a double bar across the top. Sharp, loud and made to be noticed. Gold frame, pink gradient tint.","in stock","new","2499 INR","https://www.moon-glasses.store/chapter/moon-striker-gold-pink","https://fewnyteoprmuyzfvopnb.supabase.co/storage/v1/object/public/product-images/moon-striker-gold-pink/model-zoomed.jpg?v=1","https://fewnyteoprmuyzfvopnb.supabase.co/storage/v1/object/public/product-images/moon-striker-gold-pink/front_no_bg.png","Moonglasses","Apparel & Accessories > Clothing Accessories > Sunglasses","Sunglasses > Limited Series","Voltage Aviator","Gold Pink","Metal","Voltage","Limited Series","50"
"moon-striker-silver-blue","Voltage Aviator — Silver Blue","Voltage: a geometric metal aviator with flat-cut lenses and a double bar across the top. Sharp, loud and made to be noticed. Silver frame, pale sky-blue gradient tint.","in stock","new","2499 INR","https://www.moon-glasses.store/chapter/moon-striker-silver-blue","https://fewnyteoprmuyzfvopnb.supabase.co/storage/v1/object/public/product-images/moon-striker-silver-blue/model-zoomed.jpg?v=1","https://fewnyteoprmuyzfvopnb.supabase.co/storage/v1/object/public/product-images/moon-striker-silver-blue/front_no_bg.png","Moonglasses","Apparel & Accessories > Clothing Accessories > Sunglasses","Sunglasses > Limited Series","Voltage Aviator","Silver Blue","Metal","Voltage","Limited Series","50"
"moon-striker-silver-orange","Voltage Aviator — Silver Orange","Voltage: a geometric metal aviator with flat-cut lenses and a double bar across the top. Sharp, loud and made to be noticed. Silver frame, soft orange tint.","in stock","new","2499 INR","https://www.moon-glasses.store/chapter/moon-striker-silver-orange","https://fewnyteoprmuyzfvopnb.supabase.co/storage/v1/object/public/product-images/moon-striker-silver-orange/model-zoomed.jpg?v=1","https://fewnyteoprmuyzfvopnb.supabase.co/storage/v1/object/public/product-images/moon-striker-silver-orange/front_no_bg.png","Moonglasses","Apparel & Accessories > Clothing Accessories > Sunglasses","Sunglasses > Limited Series","Voltage Aviator","Silver Orange","Metal","Voltage","Limited Series","50"
